{
    "mnist": {
        "accuracy": 0.6217857142857143,
        "precision_macro": 0.6217974423851143,
        "recall_macro": 0.6201786063683201,
        "f1_macro": 0.6204572411370911
    },
    "course_data": {
        "accuracy": 0.4,
        "precision_macro": 0.2833333333333333,
        "recall_macro": 0.4,
        "f1_macro": 0.31666666666666665
    }
}