{
    "mnist": {
        "accuracy": 0.833,
        "precision_macro": 0.832444469982204,
        "recall_macro": 0.8318643978541642,
        "f1_macro": 0.8320813400329428
    },
    "course_data": {
        "accuracy": 0.6,
        "precision_macro": 0.4833333333333333,
        "recall_macro": 0.6,
        "f1_macro": 0.5166666666666666
    }
}