{
    "mnist": {
        "accuracy": 0.7856428571428572,
        "precision_macro": 0.7855584941507587,
        "recall_macro": 0.7836937571007203,
        "f1_macro": 0.7842796611349397
    },
    "course_data": {
        "accuracy": 0.4,
        "precision_macro": 0.3,
        "recall_macro": 0.4,
        "f1_macro": 0.3333333333333333
    }
}